Project Name,Package Name,Type Name,NOF,NOPF,NOM,NOPM,LOC,WMC,NC,DIT,LCOM,FANIN,FANOUT,File path,Line no
hadoopcryptoledger,org.zuinnote.hadoop.bitcoin.example,MapReduceBitcoinBlockIntegrationTest,14,0,11,9,131,20,0,0,0.36363636363636365,0,0,C:\Users\welcome\Desktop\Dal Coursework\Winter_2022\CSCI 5308\Assignments\Assignment_3\hadoopcryptoledger\examples\mapreduce-bitcoinblock\src\integration-test\java\org\zuinnote\hadoop\bitcoin\example\MapReduceBitcoinBlockIntegrationTest.java,66
hadoopcryptoledger,org.zuinnote.hadoop.bitcoin.example,MapReduceBitcoinBlockTest,0,0,6,6,44,6,0,0,-1.0,0,3,C:\Users\welcome\Desktop\Dal Coursework\Winter_2022\CSCI 5308\Assignments\Assignment_3\hadoopcryptoledger\examples\mapreduce-bitcoinblock\src\test\java\org\zuinnote\hadoop\bitcoin\example\MapReduceBitcoinBlockTest.java,48
hadoopcryptoledger,org.zuinnote.hadoop.bitcoin.example,MapReduceBitcoinTransactionIntegrationTest,14,0,11,9,131,20,0,0,0.36363636363636365,0,0,C:\Users\welcome\Desktop\Dal Coursework\Winter_2022\CSCI 5308\Assignments\Assignment_3\hadoopcryptoledger\examples\mapreduce-bitcointransaction\src\integration-test\java\org\zuinnote\hadoop\bitcoin\example\MapReduceBitcoinTransactionIntegrationTest.java,66
hadoopcryptoledger,org.zuinnote.hadoop.bitcoin.example,MapReduceBitcoinTransactionTest,0,0,6,6,43,6,0,0,-1.0,0,3,C:\Users\welcome\Desktop\Dal Coursework\Winter_2022\CSCI 5308\Assignments\Assignment_3\hadoopcryptoledger\examples\mapreduce-bitcointransaction\src\test\java\org\zuinnote\hadoop\bitcoin\example\MapReduceBitcoinTransactionTest.java,48
hadoopcryptoledger,org.zuinnote.hadoop.bitcoin.example.driver,BitcoinBlockCounterDriver,0,0,3,3,29,3,0,0,-1.0,1,3,C:\Users\welcome\Desktop\Dal Coursework\Winter_2022\CSCI 5308\Assignments\Assignment_3\hadoopcryptoledger\examples\mapreduce-bitcoinblock\src\main\java\org\zuinnote\hadoop\bitcoin\example\driver\BitcoinBlockCounterDriver.java,37
hadoopcryptoledger,org.zuinnote.hadoop.bitcoin.example.driver,BitcoinTransactionCounterDriver,0,0,3,3,29,3,0,0,-1.0,1,3,C:\Users\welcome\Desktop\Dal Coursework\Winter_2022\CSCI 5308\Assignments\Assignment_3\hadoopcryptoledger\examples\mapreduce-bitcointransaction\src\main\java\org\zuinnote\hadoop\bitcoin\example\driver\BitcoinTransactionCounterDriver.java,38
hadoopcryptoledger,org.zuinnote.hadoop.bitcoin.example.tasks,BitcoinBlockMap,1,0,3,3,10,3,0,0,1.0,2,0,C:\Users\welcome\Desktop\Dal Coursework\Winter_2022\CSCI 5308\Assignments\Assignment_3\hadoopcryptoledger\examples\mapreduce-bitcoinblock\src\main\java\org\zuinnote\hadoop\bitcoin\example\tasks\BitcoinBlockMap.java,37
hadoopcryptoledger,org.zuinnote.hadoop.bitcoin.example.tasks,BitcoinBlockReducer,1,0,1,1,11,2,0,0,0.0,2,0,C:\Users\welcome\Desktop\Dal Coursework\Winter_2022\CSCI 5308\Assignments\Assignment_3\hadoopcryptoledger\examples\mapreduce-bitcoinblock\src\main\java\org\zuinnote\hadoop\bitcoin\example\tasks\BitcoinBlockReducer.java,32
hadoopcryptoledger,org.zuinnote.hadoop.bitcoin.example.tasks,BitcoinTransactionMap,1,0,3,3,10,3,0,0,1.0,2,0,C:\Users\welcome\Desktop\Dal Coursework\Winter_2022\CSCI 5308\Assignments\Assignment_3\hadoopcryptoledger\examples\mapreduce-bitcointransaction\src\main\java\org\zuinnote\hadoop\bitcoin\example\tasks\BitcoinTransactionMap.java,36
hadoopcryptoledger,org.zuinnote.hadoop.bitcoin.example.tasks,BitcoinTransactionReducer,1,0,1,1,11,2,0,0,0.0,2,0,C:\Users\welcome\Desktop\Dal Coursework\Winter_2022\CSCI 5308\Assignments\Assignment_3\hadoopcryptoledger\examples\mapreduce-bitcointransaction\src\main\java\org\zuinnote\hadoop\bitcoin\example\tasks\BitcoinTransactionReducer.java,32
hadoopcryptoledger,org.zuinnote.hadoop.ethereum.example,MapReduceEthereumBlockIntegrationTest,14,0,11,9,131,20,0,0,0.36363636363636365,0,0,C:\Users\welcome\Desktop\Dal Coursework\Winter_2022\CSCI 5308\Assignments\Assignment_3\hadoopcryptoledger\examples\mapreduce-ethereumblock\src\integration-test\java\org\zuinnote\hadoop\ethereum\example\MapReduceEthereumBlockIntegrationTest.java,66
hadoopcryptoledger,org.zuinnote.hadoop.ethereum.example,MapReduceEthereumBlockTest,0,0,6,6,43,6,0,0,-1.0,0,3,C:\Users\welcome\Desktop\Dal Coursework\Winter_2022\CSCI 5308\Assignments\Assignment_3\hadoopcryptoledger\examples\mapreduce-ethereumblock\src\test\java\org\zuinnote\hadoop\ethereum\example\MapReduceEthereumBlockTest.java,48
hadoopcryptoledger,org.zuinnote.hadoop.ethereum.example.driver,EthereumBlockCounterDriver,0,0,3,3,29,3,0,0,-1.0,1,4,C:\Users\welcome\Desktop\Dal Coursework\Winter_2022\CSCI 5308\Assignments\Assignment_3\hadoopcryptoledger\examples\mapreduce-ethereumblock\src\main\java\org\zuinnote\hadoop\ethereum\example\driver\EthereumBlockCounterDriver.java,36
hadoopcryptoledger,org.zuinnote.hadoop.ethereum.example.tasks,EthereumBlockMap,1,0,3,3,10,3,0,0,1.0,2,1,C:\Users\welcome\Desktop\Dal Coursework\Winter_2022\CSCI 5308\Assignments\Assignment_3\hadoopcryptoledger\examples\mapreduce-ethereumblock\src\main\java\org\zuinnote\hadoop\ethereum\example\tasks\EthereumBlockMap.java,36
hadoopcryptoledger,org.zuinnote.hadoop.ethereum.example.tasks,EthereumBlockReducer,1,0,1,1,11,2,0,0,0.0,2,0,C:\Users\welcome\Desktop\Dal Coursework\Winter_2022\CSCI 5308\Assignments\Assignment_3\hadoopcryptoledger\examples\mapreduce-ethereumblock\src\main\java\org\zuinnote\hadoop\ethereum\example\tasks\EthereumBlockReducer.java,32
hadoopcryptoledger,org.zuinnote.spark.bitcoin.example,SparkBitcoinBlockCounterSparkMasterIntegrationTest,15,0,11,9,131,21,0,0,0.36363636363636365,0,1,C:\Users\welcome\Desktop\Dal Coursework\Winter_2022\CSCI 5308\Assignments\Assignment_3\hadoopcryptoledger\examples\spark-bitcoinblock\src\integration-test\java\org\zuinnote\spark\bitcoin\example\SparkBitcoinBlockCounterSparkMasterIntegrationTest.java,65
hadoopcryptoledger,org.zuinnote.spark.bitcoin.example,SparkBitcoinBlockCounter,0,0,7,7,56,7,0,0,-1.0,3,1,C:\Users\welcome\Desktop\Dal Coursework\Winter_2022\CSCI 5308\Assignments\Assignment_3\hadoopcryptoledger\examples\spark-bitcoinblock\src\main\java\org\zuinnote\spark\bitcoin\example\SparkBitcoinBlockCounter.java,41
hadoopcryptoledger,org.zuinnote.spark.bitcoin.example,SparkBitcoinBlockCounterTest,0,0,6,6,26,6,0,0,-1.0,0,3,C:\Users\welcome\Desktop\Dal Coursework\Winter_2022\CSCI 5308\Assignments\Assignment_3\hadoopcryptoledger\examples\spark-bitcoinblock\src\test\java\org\zuinnote\spark\bitcoin\example\SparkBitcoinBlockCounterTest.java,38
hadoopcryptoledger,org.zuinnote.spark2.bitcoin.example,Spark2BitcoinBlockCounterSparkMasterIntegrationTest,15,0,11,9,131,21,0,0,0.36363636363636365,0,1,C:\Users\welcome\Desktop\Dal Coursework\Winter_2022\CSCI 5308\Assignments\Assignment_3\hadoopcryptoledger\examples\spark2-bitcoinblock\src\integration-test\java\org\zuinnote\spark2\bitcoin\example\Spark2BitcoinBlockCounterSparkMasterIntegrationTest.java,64
hadoopcryptoledger,org.zuinnote.spark2.bitcoin.example,Spark2BitcoinBlockCounter,0,0,7,7,56,7,0,0,-1.0,3,1,C:\Users\welcome\Desktop\Dal Coursework\Winter_2022\CSCI 5308\Assignments\Assignment_3\hadoopcryptoledger\examples\spark2-bitcoinblock\src\main\java\org\zuinnote\spark2\bitcoin\example\Spark2BitcoinBlockCounter.java,40
hadoopcryptoledger,org.zuinnote.spark2.bitcoin.example,Spark2BitcoinBlockCounterTest,0,0,6,6,26,6,0,0,-1.0,0,3,C:\Users\welcome\Desktop\Dal Coursework\Winter_2022\CSCI 5308\Assignments\Assignment_3\hadoopcryptoledger\examples\spark2-bitcoinblock\src\test\java\org\zuinnote\spark2\bitcoin\example\Spark2BitcoinBlockCounterTest.java,36
hadoopcryptoledger,org.zuinnote.flink.bitcoin,AbstractBitcoinFlinkInputFormat,7,0,5,5,42,8,3,0,0.4,0,3,C:\Users\welcome\Desktop\Dal Coursework\Winter_2022\CSCI 5308\Assignments\Assignment_3\hadoopcryptoledger\flinkdatasource\src\main\java\org\zuinnote\flink\bitcoin\AbstractBitcoinFlinkInputFormat.java,34
hadoopcryptoledger,org.zuinnote.flink.bitcoin,BitcoinBlockFlinkInputFormat,3,0,6,6,46,8,0,1,0.6666666666666666,1,1,C:\Users\welcome\Desktop\Dal Coursework\Winter_2022\CSCI 5308\Assignments\Assignment_3\hadoopcryptoledger\flinkdatasource\src\main\java\org\zuinnote\flink\bitcoin\BitcoinBlockFlinkInputFormat.java,34
hadoopcryptoledger,org.zuinnote.flink.bitcoin,BitcoinRawBlockFlinkInputFormat,3,0,6,6,58,9,0,1,0.6666666666666666,1,0,C:\Users\welcome\Desktop\Dal Coursework\Winter_2022\CSCI 5308\Assignments\Assignment_3\hadoopcryptoledger\flinkdatasource\src\main\java\org\zuinnote\flink\bitcoin\BitcoinRawBlockFlinkInputFormat.java,34
hadoopcryptoledger,org.zuinnote.flink.bitcoin,BitcoinTransactionFlinkInputFormat,5,0,6,6,56,9,0,1,0.3333333333333333,1,2,C:\Users\welcome\Desktop\Dal Coursework\Winter_2022\CSCI 5308\Assignments\Assignment_3\hadoopcryptoledger\flinkdatasource\src\main\java\org\zuinnote\flink\bitcoin\BitcoinTransactionFlinkInputFormat.java,37
hadoopcryptoledger,org.zuinnote.flink.bitcoin,FlinkBitcoinDataSourceTest,0,0,16,16,194,18,0,0,-1.0,0,5,C:\Users\welcome\Desktop\Dal Coursework\Winter_2022\CSCI 5308\Assignments\Assignment_3\hadoopcryptoledger\flinkdatasource\src\test\java\org\zuinnote\flink\bitcoin\FlinkBitcoinDataSourceTest.java,41
hadoopcryptoledger,org.zuinnote.flink.ethereum,AbstractEthereumFlinkInputFormat,5,0,4,4,25,4,2,0,0.5,0,2,C:\Users\welcome\Desktop\Dal Coursework\Winter_2022\CSCI 5308\Assignments\Assignment_3\hadoopcryptoledger\flinkdatasource\src\main\java\org\zuinnote\flink\ethereum\AbstractEthereumFlinkInputFormat.java,27
hadoopcryptoledger,org.zuinnote.flink.ethereum,EthereumBlockFlinkInputFormat,3,0,5,5,48,7,0,1,0.6,1,1,C:\Users\welcome\Desktop\Dal Coursework\Winter_2022\CSCI 5308\Assignments\Assignment_3\hadoopcryptoledger\flinkdatasource\src\main\java\org\zuinnote\flink\ethereum\EthereumBlockFlinkInputFormat.java,27
hadoopcryptoledger,org.zuinnote.flink.ethereum,EthereumRawBlockFlinkInputFormat,3,0,5,5,60,8,0,1,0.6,1,0,C:\Users\welcome\Desktop\Dal Coursework\Winter_2022\CSCI 5308\Assignments\Assignment_3\hadoopcryptoledger\flinkdatasource\src\main\java\org\zuinnote\flink\ethereum\EthereumRawBlockFlinkInputFormat.java,29
hadoopcryptoledger,org.zuinnote.flink.ethereum,FlinkEthereumDataSourceTest,0,0,11,11,140,15,0,0,-1.0,0,3,C:\Users\welcome\Desktop\Dal Coursework\Winter_2022\CSCI 5308\Assignments\Assignment_3\hadoopcryptoledger\flinkdatasource\src\test\java\org\zuinnote\flink\ethereum\FlinkEthereumDataSourceTest.java,39
hadoopcryptoledger,org.zuinnote.hadoop.bitcoin.hive.datatypes,HiveBitcoinAuxPOW,6,0,9,9,44,9,0,0,0.0,2,3,C:\Users\welcome\Desktop\Dal Coursework\Winter_2022\CSCI 5308\Assignments\Assignment_3\hadoopcryptoledger\hiveserde\src\main\java\org\zuinnote\hadoop\bitcoin\hive\datatypes\HiveBitcoinAuxPOW.java,23
hadoopcryptoledger,org.zuinnote.hadoop.bitcoin.hive.datatypes,HiveBitcoinBlock,11,0,26,26,113,26,0,0,0.11538461538461539,3,2,C:\Users\welcome\Desktop\Dal Coursework\Winter_2022\CSCI 5308\Assignments\Assignment_3\hadoopcryptoledger\hiveserde\src\main\java\org\zuinnote\hadoop\bitcoin\hive\datatypes\HiveBitcoinBlock.java,28
hadoopcryptoledger,org.zuinnote.hadoop.bitcoin.hive.datatypes,HiveBitcoinTransaction,9,0,15,15,112,15,0,0,0.2,5,1,C:\Users\welcome\Desktop\Dal Coursework\Winter_2022\CSCI 5308\Assignments\Assignment_3\hadoopcryptoledger\hiveserde\src\main\java\org\zuinnote\hadoop\bitcoin\hive\datatypes\HiveBitcoinTransaction.java,32
hadoopcryptoledger,org.zuinnote.hadoop.bitcoin.hive.datatypes,HiveBitcoinTransactionOutput,4,0,4,4,22,4,0,0,0.0,1,0,C:\Users\welcome\Desktop\Dal Coursework\Winter_2022\CSCI 5308\Assignments\Assignment_3\hadoopcryptoledger\hiveserde\src\main\java\org\zuinnote\hadoop\bitcoin\hive\datatypes\HiveBitcoinTransactionOutput.java,24
hadoopcryptoledger,org.zuinnote.hadoop.bitcoin.hive.serde,BitcoinBlockSerde,7,5,6,5,100,16,0,0,0.6666666666666666,3,9,C:\Users\welcome\Desktop\Dal Coursework\Winter_2022\CSCI 5308\Assignments\Assignment_3\hadoopcryptoledger\hiveserde\src\main\java\org\zuinnote\hadoop\bitcoin\hive\serde\BitcoinBlockSerde.java,57
hadoopcryptoledger,org.zuinnote.hadoop.bitcoin.hive.serde,BitcoinBlockStorageFormatDescriptor,0,0,4,4,16,4,0,0,-1.0,0,2,C:\Users\welcome\Desktop\Dal Coursework\Winter_2022\CSCI 5308\Assignments\Assignment_3\hadoopcryptoledger\hiveserde\src\main\java\org\zuinnote\hadoop\bitcoin\hive\serde\BitcoinBlockStorageFormatDescriptor.java,27
hadoopcryptoledger,org.zuinnote.hadoop.bitcoin.hive.serde,BitcoinHiveSerdeTest,3,0,3,3,58,4,0,0,1.0,0,6,C:\Users\welcome\Desktop\Dal Coursework\Winter_2022\CSCI 5308\Assignments\Assignment_3\hadoopcryptoledger\hiveserde\src\test\java\org\zuinnote\hadoop\bitcoin\hive\serde\BitcoinHiveSerdeTest.java,44
hadoopcryptoledger,org.zuinnote.hadoop.ethereum.hive.datatypes,HiveEthereumBlock,3,0,8,8,32,8,0,0,0.5,3,2,C:\Users\welcome\Desktop\Dal Coursework\Winter_2022\CSCI 5308\Assignments\Assignment_3\hadoopcryptoledger\hiveserde\src\main\java\org\zuinnote\hadoop\ethereum\hive\datatypes\HiveEthereumBlock.java,26
hadoopcryptoledger,org.zuinnote.hadoop.ethereum.hive.datatypes,HiveEthereumBlockHeader,19,0,38,38,155,38,0,0,0.05263157894736842,3,1,C:\Users\welcome\Desktop\Dal Coursework\Winter_2022\CSCI 5308\Assignments\Assignment_3\hadoopcryptoledger\hiveserde\src\main\java\org\zuinnote\hadoop\ethereum\hive\datatypes\HiveEthereumBlockHeader.java,22
hadoopcryptoledger,org.zuinnote.hadoop.ethereum.hive.datatypes,HiveEthereumTransaction,12,0,28,28,110,28,0,0,0.14285714285714285,4,1,C:\Users\welcome\Desktop\Dal Coursework\Winter_2022\CSCI 5308\Assignments\Assignment_3\hadoopcryptoledger\hiveserde\src\main\java\org\zuinnote\hadoop\ethereum\hive\datatypes\HiveEthereumTransaction.java,25
hadoopcryptoledger,org.zuinnote.hadoop.ethereum.hive.serde,EthereumBlockSerde,4,2,5,4,98,10,0,0,0.6,3,8,C:\Users\welcome\Desktop\Dal Coursework\Winter_2022\CSCI 5308\Assignments\Assignment_3\hadoopcryptoledger\hiveserde\src\main\java\org\zuinnote\hadoop\ethereum\hive\serde\EthereumBlockSerde.java,42
hadoopcryptoledger,org.zuinnote.hadoop.ethereum.hive.serde,EthereumBlockStorageFormatDescriptor,0,0,4,4,16,4,0,0,-1.0,0,2,C:\Users\welcome\Desktop\Dal Coursework\Winter_2022\CSCI 5308\Assignments\Assignment_3\hadoopcryptoledger\hiveserde\src\main\java\org\zuinnote\hadoop\ethereum\hive\serde\EthereumBlockStorageFormatDescriptor.java,25
hadoopcryptoledger,org.zuinnote.hadoop.ethereum.hive.serde,EthereumHiveSerdeTest,2,0,3,3,43,3,0,0,1.0,1,7,C:\Users\welcome\Desktop\Dal Coursework\Winter_2022\CSCI 5308\Assignments\Assignment_3\hadoopcryptoledger\hiveserde\src\test\java\org\zuinnote\hadoop\ethereum\hive\serde\EthereumHiveSerdeTest.java,39
hadoopcryptoledger,org.zuinnote.hadoop.bitcoin.hive.udf,BitcoinScriptPaymentPatternAnalyzerUDF,1,0,1,1,20,3,0,0,0.0,1,0,C:\Users\welcome\Desktop\Dal Coursework\Winter_2022\CSCI 5308\Assignments\Assignment_3\hadoopcryptoledger\hiveudf\src\main\java\org\zuinnote\hadoop\bitcoin\hive\udf\BitcoinScriptPaymentPatternAnalyzerUDF.java,36
hadoopcryptoledger,org.zuinnote.hadoop.bitcoin.hive.udf,BitcoinTransactionHashSegwitUDF,7,0,6,3,205,20,0,0,0.3333333333333333,1,6,C:\Users\welcome\Desktop\Dal Coursework\Winter_2022\CSCI 5308\Assignments\Assignment_3\hadoopcryptoledger\hiveudf\src\main\java\org\zuinnote\hadoop\bitcoin\hive\udf\BitcoinTransactionHashSegwitUDF.java,57
hadoopcryptoledger,org.zuinnote.hadoop.bitcoin.hive.udf,BitcoinTransactionHashUDF,6,0,5,3,151,15,0,0,0.4,1,1,C:\Users\welcome\Desktop\Dal Coursework\Winter_2022\CSCI 5308\Assignments\Assignment_3\hadoopcryptoledger\hiveudf\src\main\java\org\zuinnote\hadoop\bitcoin\hive\udf\BitcoinTransactionHashUDF.java,54
hadoopcryptoledger,org.zuinnote.hadoop.bitcoin.hive.udf,BitcoinUDFUtil,0,0,1,1,18,2,0,0,-1.0,2,3,C:\Users\welcome\Desktop\Dal Coursework\Winter_2022\CSCI 5308\Assignments\Assignment_3\hadoopcryptoledger\hiveudf\src\main\java\org\zuinnote\hadoop\bitcoin\hive\udf\BitcoinUDFUtil.java,27
hadoopcryptoledger,org.zuinnote.hadoop.bitcoin.hive.udf,BitcoinUDFTest,0,0,11,11,195,11,0,0,-1.0,0,9,C:\Users\welcome\Desktop\Dal Coursework\Winter_2022\CSCI 5308\Assignments\Assignment_3\hadoopcryptoledger\hiveudf\src\test\java\org\zuinnote\hadoop\bitcoin\hive\udf\BitcoinUDFTest.java,49
hadoopcryptoledger,org.zuinnote.hadoop.bitcoin.hive.udf,TestBitcoinScriptWitness,2,0,5,5,20,5,0,0,0.6,1,0,C:\Users\welcome\Desktop\Dal Coursework\Winter_2022\CSCI 5308\Assignments\Assignment_3\hadoopcryptoledger\hiveudf\src\test\java\org\zuinnote\hadoop\bitcoin\hive\udf\TestBitcoinScriptWitness.java,25
hadoopcryptoledger,org.zuinnote.hadoop.bitcoin.hive.udf,TestBitcoinScriptWitnessItem,2,0,5,5,20,5,0,0,0.6,1,0,C:\Users\welcome\Desktop\Dal Coursework\Winter_2022\CSCI 5308\Assignments\Assignment_3\hadoopcryptoledger\hiveudf\src\test\java\org\zuinnote\hadoop\bitcoin\hive\udf\TestBitcoinScriptWitnessItem.java,26
hadoopcryptoledger,org.zuinnote.hadoop.bitcoin.hive.udf,TestBitcoinTransaction,9,0,15,15,94,15,0,0,0.2,2,1,C:\Users\welcome\Desktop\Dal Coursework\Winter_2022\CSCI 5308\Assignments\Assignment_3\hadoopcryptoledger\hiveudf\src\test\java\org\zuinnote\hadoop\bitcoin\hive\udf\TestBitcoinTransaction.java,28
hadoopcryptoledger,org.zuinnote.hadoop.bitcoin.hive.udf,TestBitcoinTransactionInput,6,0,6,6,32,6,0,0,0.0,1,0,C:\Users\welcome\Desktop\Dal Coursework\Winter_2022\CSCI 5308\Assignments\Assignment_3\hadoopcryptoledger\hiveudf\src\test\java\org\zuinnote\hadoop\bitcoin\hive\udf\TestBitcoinTransactionInput.java,23
hadoopcryptoledger,org.zuinnote.hadoop.bitcoin.hive.udf,TestBitcoinTransactionOutput,4,0,4,4,22,4,0,0,0.0,1,0,C:\Users\welcome\Desktop\Dal Coursework\Winter_2022\CSCI 5308\Assignments\Assignment_3\hadoopcryptoledger\hiveudf\src\test\java\org\zuinnote\hadoop\bitcoin\hive\udf\TestBitcoinTransactionOutput.java,26
hadoopcryptoledger,org.zuinnote.hadoop.ethereum.hive.udf,EthereumGetChainIdUDF,2,0,3,3,31,8,0,0,0.6666666666666666,1,3,C:\Users\welcome\Desktop\Dal Coursework\Winter_2022\CSCI 5308\Assignments\Assignment_3\hadoopcryptoledger\hiveudf\src\main\java\org\zuinnote\hadoop\ethereum\hive\udf\EthereumGetChainIdUDF.java,32
hadoopcryptoledger,org.zuinnote.hadoop.ethereum.hive.udf,EthereumGetSendAddressUDF,2,0,3,3,34,9,0,0,0.6666666666666666,1,3,C:\Users\welcome\Desktop\Dal Coursework\Winter_2022\CSCI 5308\Assignments\Assignment_3\hadoopcryptoledger\hiveudf\src\main\java\org\zuinnote\hadoop\ethereum\hive\udf\EthereumGetSendAddressUDF.java,34
hadoopcryptoledger,org.zuinnote.hadoop.ethereum.hive.udf,EthereumGetTransactionHashUDF,2,0,3,3,31,8,0,0,0.6666666666666666,1,3,C:\Users\welcome\Desktop\Dal Coursework\Winter_2022\CSCI 5308\Assignments\Assignment_3\hadoopcryptoledger\hiveudf\src\main\java\org\zuinnote\hadoop\ethereum\hive\udf\EthereumGetTransactionHashUDF.java,33
hadoopcryptoledger,org.zuinnote.hadoop.ethereum.hive.udf,EthereumUDFUtil,2,0,3,3,80,5,0,0,0.0,4,3,C:\Users\welcome\Desktop\Dal Coursework\Winter_2022\CSCI 5308\Assignments\Assignment_3\hadoopcryptoledger\hiveudf\src\main\java\org\zuinnote\hadoop\ethereum\hive\udf\EthereumUDFUtil.java,27
hadoopcryptoledger,org.zuinnote.hadoop.ethereum.hive.udf,EthereumUDFTest,2,0,11,10,330,17,0,0,0.45454545454545453,1,9,C:\Users\welcome\Desktop\Dal Coursework\Winter_2022\CSCI 5308\Assignments\Assignment_3\hadoopcryptoledger\hiveudf\src\test\java\org\zuinnote\hadoop\ethereum\hive\udf\EthereumUDFTest.java,45
hadoopcryptoledger,org.zuinnote.hadoop.ethereum.hive.udf,TestEthereumTransaction,12,0,28,28,110,28,0,0,0.14285714285714285,1,1,C:\Users\welcome\Desktop\Dal Coursework\Winter_2022\CSCI 5308\Assignments\Assignment_3\hadoopcryptoledger\hiveudf\src\test\java\org\zuinnote\hadoop\ethereum\hive\udf\TestEthereumTransaction.java,26
hadoopcryptoledger,org.zuinnote.hadoop.namecoin.hive.udf,NamecoinExtractFieldUDF,2,0,3,3,52,9,0,0,0.6666666666666666,1,1,C:\Users\welcome\Desktop\Dal Coursework\Winter_2022\CSCI 5308\Assignments\Assignment_3\hadoopcryptoledger\hiveudf\src\main\java\org\zuinnote\hadoop\namecoin\hive\udf\NamecoinExtractFieldUDF.java,37
hadoopcryptoledger,org.zuinnote.hadoop.namecoin.hive.udf,NamecoinGetNameOperationUDF,1,0,1,1,12,1,0,0,0.0,1,1,C:\Users\welcome\Desktop\Dal Coursework\Winter_2022\CSCI 5308\Assignments\Assignment_3\hadoopcryptoledger\hiveudf\src\main\java\org\zuinnote\hadoop\namecoin\hive\udf\NamecoinGetNameOperationUDF.java,25
hadoopcryptoledger,org.zuinnote.hadoop.namecoin.hive.udf,NamecoinUDFTest,0,0,3,3,52,3,0,0,-1.0,0,4,C:\Users\welcome\Desktop\Dal Coursework\Winter_2022\CSCI 5308\Assignments\Assignment_3\hadoopcryptoledger\hiveudf\src\test\java\org\zuinnote\hadoop\namecoin\hive\udf\NamecoinUDFTest.java,33
hadoopcryptoledger,org.zuinnote.hadoop.bitcoin.format.common,BitcoinAuxPOW,6,0,9,9,44,9,0,0,0.0,2,3,C:\Users\welcome\Desktop\Dal Coursework\Winter_2022\CSCI 5308\Assignments\Assignment_3\hadoopcryptoledger\inputformat\src\main\java\org\zuinnote\hadoop\bitcoin\format\common\BitcoinAuxPOW.java,22
hadoopcryptoledger,org.zuinnote.hadoop.bitcoin.format.common,BitcoinAuxPOWBlockHeader,6,0,7,7,34,7,0,0,0.0,3,0,C:\Users\welcome\Desktop\Dal Coursework\Winter_2022\CSCI 5308\Assignments\Assignment_3\hadoopcryptoledger\inputformat\src\main\java\org\zuinnote\hadoop\bitcoin\format\common\BitcoinAuxPOWBlockHeader.java,20
hadoopcryptoledger,org.zuinnote.hadoop.bitcoin.format.common,BitcoinAuxPOWBranch,3,0,4,4,19,4,0,0,0.0,3,0,C:\Users\welcome\Desktop\Dal Coursework\Winter_2022\CSCI 5308\Assignments\Assignment_3\hadoopcryptoledger\inputformat\src\main\java\org\zuinnote\hadoop\bitcoin\format\common\BitcoinAuxPOWBranch.java,21
hadoopcryptoledger,org.zuinnote.hadoop.bitcoin.format.common,BitcoinBlock,11,0,24,24,104,24,1,0,0.0,10,2,C:\Users\welcome\Desktop\Dal Coursework\Winter_2022\CSCI 5308\Assignments\Assignment_3\hadoopcryptoledger\inputformat\src\main\java\org\zuinnote\hadoop\bitcoin\format\common\BitcoinBlock.java,29
hadoopcryptoledger,org.zuinnote.hadoop.bitcoin.format.common,BitcoinBlockReader,8,0,16,12,526,74,0,0,0.125,4,11,C:\Users\welcome\Desktop\Dal Coursework\Winter_2022\CSCI 5308\Assignments\Assignment_3\hadoopcryptoledger\inputformat\src\main\java\org\zuinnote\hadoop\bitcoin\format\common\BitcoinBlockReader.java,37
hadoopcryptoledger,org.zuinnote.hadoop.bitcoin.format.common,BitcoinBlockWritable,0,0,2,2,14,2,0,1,-1.0,3,0,C:\Users\welcome\Desktop\Dal Coursework\Winter_2022\CSCI 5308\Assignments\Assignment_3\hadoopcryptoledger\inputformat\src\main\java\org\zuinnote\hadoop\bitcoin\format\common\BitcoinBlockWritable.java,30
hadoopcryptoledger,org.zuinnote.hadoop.bitcoin.format.common,BitcoinScriptPatternParser,0,0,7,1,117,23,0,0,-1.0,2,2,C:\Users\welcome\Desktop\Dal Coursework\Winter_2022\CSCI 5308\Assignments\Assignment_3\hadoopcryptoledger\inputformat\src\main\java\org\zuinnote\hadoop\bitcoin\format\common\BitcoinScriptPatternParser.java,24
hadoopcryptoledger,org.zuinnote.hadoop.bitcoin.format.common,BitcoinScriptWitness,3,0,3,3,17,3,0,0,0.0,2,0,C:\Users\welcome\Desktop\Dal Coursework\Winter_2022\CSCI 5308\Assignments\Assignment_3\hadoopcryptoledger\inputformat\src\main\java\org\zuinnote\hadoop\bitcoin\format\common\BitcoinScriptWitness.java,20
hadoopcryptoledger,org.zuinnote.hadoop.bitcoin.format.common,BitcoinScriptWitnessItem,3,0,3,3,19,3,0,0,0.0,4,0,C:\Users\welcome\Desktop\Dal Coursework\Winter_2022\CSCI 5308\Assignments\Assignment_3\hadoopcryptoledger\inputformat\src\main\java\org\zuinnote\hadoop\bitcoin\format\common\BitcoinScriptWitnessItem.java,21
hadoopcryptoledger,org.zuinnote.hadoop.bitcoin.format.common,BitcoinTransaction,9,0,13,13,103,13,1,0,0.0,13,1,C:\Users\welcome\Desktop\Dal Coursework\Winter_2022\CSCI 5308\Assignments\Assignment_3\hadoopcryptoledger\inputformat\src\main\java\org\zuinnote\hadoop\bitcoin\format\common\BitcoinTransaction.java,29
hadoopcryptoledger,org.zuinnote.hadoop.bitcoin.format.common,BitcoinTransactionInput,6,0,6,6,32,6,0,0,0.0,3,0,C:\Users\welcome\Desktop\Dal Coursework\Winter_2022\CSCI 5308\Assignments\Assignment_3\hadoopcryptoledger\inputformat\src\main\java\org\zuinnote\hadoop\bitcoin\format\common\BitcoinTransactionInput.java,21
hadoopcryptoledger,org.zuinnote.hadoop.bitcoin.format.common,BitcoinTransactionOutput,4,0,4,4,22,4,0,0,0.0,4,0,C:\Users\welcome\Desktop\Dal Coursework\Winter_2022\CSCI 5308\Assignments\Assignment_3\hadoopcryptoledger\inputformat\src\main\java\org\zuinnote\hadoop\bitcoin\format\common\BitcoinTransactionOutput.java,22
hadoopcryptoledger,org.zuinnote.hadoop.bitcoin.format.common,BitcoinTransactionWritable,0,0,2,2,11,2,0,1,-1.0,0,0,C:\Users\welcome\Desktop\Dal Coursework\Winter_2022\CSCI 5308\Assignments\Assignment_3\hadoopcryptoledger\inputformat\src\main\java\org\zuinnote\hadoop\bitcoin\format\common\BitcoinTransactionWritable.java,31
hadoopcryptoledger,org.zuinnote.hadoop.bitcoin.format.common,BitcoinUtil,1,0,18,17,338,55,0,0,0.4444444444444444,9,3,C:\Users\welcome\Desktop\Dal Coursework\Winter_2022\CSCI 5308\Assignments\Assignment_3\hadoopcryptoledger\inputformat\src\main\java\org\zuinnote\hadoop\bitcoin\format\common\BitcoinUtil.java,37
hadoopcryptoledger,org.zuinnote.hadoop.bitcoin.format.common,BitcoinFormatReaderTest,5,0,55,55,997,99,0,0,0.21818181818181817,0,2,C:\Users\welcome\Desktop\Dal Coursework\Winter_2022\CSCI 5308\Assignments\Assignment_3\hadoopcryptoledger\inputformat\src\test\java\org\zuinnote\hadoop\bitcoin\format\common\BitcoinFormatReaderTest.java,38
hadoopcryptoledger,org.zuinnote.hadoop.bitcoin.format.common,BitcoinScriptPatternParserTest,0,0,10,10,54,10,0,0,-1.0,0,1,C:\Users\welcome\Desktop\Dal Coursework\Winter_2022\CSCI 5308\Assignments\Assignment_3\hadoopcryptoledger\inputformat\src\test\java\org\zuinnote\hadoop\bitcoin\format\common\BitcoinScriptPatternParserTest.java,29
hadoopcryptoledger,org.zuinnote.hadoop.bitcoin.format.common,BitcoinUtilTest,0,0,22,22,175,22,0,0,-1.0,0,6,C:\Users\welcome\Desktop\Dal Coursework\Winter_2022\CSCI 5308\Assignments\Assignment_3\hadoopcryptoledger\inputformat\src\test\java\org\zuinnote\hadoop\bitcoin\format\common\BitcoinUtilTest.java,39
hadoopcryptoledger,org.zuinnote.hadoop.bitcoin.format.exception,BitcoinBlockReadException,0,0,1,1,5,1,0,0,-1.0,0,0,C:\Users\welcome\Desktop\Dal Coursework\Winter_2022\CSCI 5308\Assignments\Assignment_3\hadoopcryptoledger\inputformat\src\main\java\org\zuinnote\hadoop\bitcoin\format\exception\BitcoinBlockReadException.java,19
hadoopcryptoledger,org.zuinnote.hadoop.bitcoin.format.exception,HadoopCryptoLedgerConfigurationException,0,0,1,1,5,1,0,0,-1.0,0,0,C:\Users\welcome\Desktop\Dal Coursework\Winter_2022\CSCI 5308\Assignments\Assignment_3\hadoopcryptoledger\inputformat\src\main\java\org\zuinnote\hadoop\bitcoin\format\exception\HadoopCryptoLedgerConfigurationException.java,19
hadoopcryptoledger,org.zuinnote.hadoop.bitcoin.format.mapred,AbstractBitcoinFileInputFormat,4,2,3,2,24,5,3,0,0.6666666666666666,2,2,C:\Users\welcome\Desktop\Dal Coursework\Winter_2022\CSCI 5308\Assignments\Assignment_3\hadoopcryptoledger\inputformat\src\main\java\org\zuinnote\hadoop\bitcoin\format\mapred\AbstractBitcoinFileInputFormat.java,37
hadoopcryptoledger,org.zuinnote.hadoop.bitcoin.format.mapred,AbstractBitcoinRecordReader,27,10,8,7,144,17,3,0,0.0,3,2,C:\Users\welcome\Desktop\Dal Coursework\Winter_2022\CSCI 5308\Assignments\Assignment_3\hadoopcryptoledger\inputformat\src\main\java\org\zuinnote\hadoop\bitcoin\format\mapred\AbstractBitcoinRecordReader.java,49
hadoopcryptoledger,org.zuinnote.hadoop.bitcoin.format.mapred,BitcoinBlockFileInputFormat,1,0,1,1,12,1,0,1,0.0,2,1,C:\Users\welcome\Desktop\Dal Coursework\Winter_2022\CSCI 5308\Assignments\Assignment_3\hadoopcryptoledger\inputformat\src\main\java\org\zuinnote\hadoop\bitcoin\format\mapred\BitcoinBlockFileInputFormat.java,39
hadoopcryptoledger,org.zuinnote.hadoop.bitcoin.format.mapred,BitcoinBlockRecordReader,1,0,4,4,56,8,0,1,1.0,1,0,C:\Users\welcome\Desktop\Dal Coursework\Winter_2022\CSCI 5308\Assignments\Assignment_3\hadoopcryptoledger\inputformat\src\main\java\org\zuinnote\hadoop\bitcoin\format\mapred\BitcoinBlockRecordReader.java,35
hadoopcryptoledger,org.zuinnote.hadoop.bitcoin.format.mapred,BitcoinRawBlockFileInputFormat,1,0,1,1,12,1,0,1,0.0,1,1,C:\Users\welcome\Desktop\Dal Coursework\Winter_2022\CSCI 5308\Assignments\Assignment_3\hadoopcryptoledger\inputformat\src\main\java\org\zuinnote\hadoop\bitcoin\format\mapred\BitcoinRawBlockFileInputFormat.java,39
hadoopcryptoledger,org.zuinnote.hadoop.bitcoin.format.mapred,BitcoinRawBlockRecordReader,1,0,4,4,53,7,0,1,1.0,1,0,C:\Users\welcome\Desktop\Dal Coursework\Winter_2022\CSCI 5308\Assignments\Assignment_3\hadoopcryptoledger\inputformat\src\main\java\org\zuinnote\hadoop\bitcoin\format\mapred\BitcoinRawBlockRecordReader.java,40
hadoopcryptoledger,org.zuinnote.hadoop.bitcoin.format.mapred,BitcoinTransactionFileInputFormat,1,0,1,1,12,1,0,1,0.0,1,1,C:\Users\welcome\Desktop\Dal Coursework\Winter_2022\CSCI 5308\Assignments\Assignment_3\hadoopcryptoledger\inputformat\src\main\java\org\zuinnote\hadoop\bitcoin\format\mapred\BitcoinTransactionFileInputFormat.java,37
hadoopcryptoledger,org.zuinnote.hadoop.bitcoin.format.mapred,BitcoinTransactionRecordReader,3,0,4,4,51,7,0,1,1.0,1,0,C:\Users\welcome\Desktop\Dal Coursework\Winter_2022\CSCI 5308\Assignments\Assignment_3\hadoopcryptoledger\inputformat\src\main\java\org\zuinnote\hadoop\bitcoin\format\mapred\BitcoinTransactionRecordReader.java,37
hadoopcryptoledger,org.zuinnote.hadoop.bitcoin.format.mapred,BitcoinFormatHadoopTest,3,0,40,40,718,49,0,0,0.325,0,3,C:\Users\welcome\Desktop\Dal Coursework\Winter_2022\CSCI 5308\Assignments\Assignment_3\hadoopcryptoledger\inputformat\src\test\java\org\zuinnote\hadoop\bitcoin\format\mapred\BitcoinFormatHadoopTest.java,46
hadoopcryptoledger,org.zuinnote.hadoop.bitcoin.format.mapreduce,AbstractBitcoinFileInputFormat,2,2,2,1,19,4,3,0,1.0,2,1,C:\Users\welcome\Desktop\Dal Coursework\Winter_2022\CSCI 5308\Assignments\Assignment_3\hadoopcryptoledger\inputformat\src\main\java\org\zuinnote\hadoop\bitcoin\format\mapreduce\AbstractBitcoinFileInputFormat.java,35
hadoopcryptoledger,org.zuinnote.hadoop.bitcoin.format.mapreduce,AbstractBitcoinRecordReader,24,10,8,7,139,17,3,0,0.0,3,1,C:\Users\welcome\Desktop\Dal Coursework\Winter_2022\CSCI 5308\Assignments\Assignment_3\hadoopcryptoledger\inputformat\src\main\java\org\zuinnote\hadoop\bitcoin\format\mapreduce\AbstractBitcoinRecordReader.java,47
hadoopcryptoledger,org.zuinnote.hadoop.bitcoin.format.mapreduce,BitcoinBlockFileInputFormat,1,0,1,1,12,1,0,1,0.0,1,1,C:\Users\welcome\Desktop\Dal Coursework\Winter_2022\CSCI 5308\Assignments\Assignment_3\hadoopcryptoledger\inputformat\src\main\java\org\zuinnote\hadoop\bitcoin\format\mapreduce\BitcoinBlockFileInputFormat.java,35
hadoopcryptoledger,org.zuinnote.hadoop.bitcoin.format.mapreduce,BitcoinBlockRecordReader,3,0,4,4,56,8,0,1,0.5,1,0,C:\Users\welcome\Desktop\Dal Coursework\Winter_2022\CSCI 5308\Assignments\Assignment_3\hadoopcryptoledger\inputformat\src\main\java\org\zuinnote\hadoop\bitcoin\format\mapreduce\BitcoinBlockRecordReader.java,32
hadoopcryptoledger,org.zuinnote.hadoop.bitcoin.format.mapreduce,BitcoinRawBlockFileInputFormat,1,0,1,1,12,1,0,1,0.0,1,1,C:\Users\welcome\Desktop\Dal Coursework\Winter_2022\CSCI 5308\Assignments\Assignment_3\hadoopcryptoledger\inputformat\src\main\java\org\zuinnote\hadoop\bitcoin\format\mapreduce\BitcoinRawBlockFileInputFormat.java,35
hadoopcryptoledger,org.zuinnote.hadoop.bitcoin.format.mapreduce,BitcoinRawBlockRecordReader,3,0,4,4,53,7,0,1,0.5,1,0,C:\Users\welcome\Desktop\Dal Coursework\Winter_2022\CSCI 5308\Assignments\Assignment_3\hadoopcryptoledger\inputformat\src\main\java\org\zuinnote\hadoop\bitcoin\format\mapreduce\BitcoinRawBlockRecordReader.java,39
hadoopcryptoledger,org.zuinnote.hadoop.bitcoin.format.mapreduce,BitcoinTransactionFileInputFormat,1,0,1,1,12,1,0,1,0.0,1,1,C:\Users\welcome\Desktop\Dal Coursework\Winter_2022\CSCI 5308\Assignments\Assignment_3\hadoopcryptoledger\inputformat\src\main\java\org\zuinnote\hadoop\bitcoin\format\mapreduce\BitcoinTransactionFileInputFormat.java,34
hadoopcryptoledger,org.zuinnote.hadoop.bitcoin.format.mapreduce,BitcoinTransactionRecordReader,5,0,4,4,51,7,0,1,0.5,1,0,C:\Users\welcome\Desktop\Dal Coursework\Winter_2022\CSCI 5308\Assignments\Assignment_3\hadoopcryptoledger\inputformat\src\main\java\org\zuinnote\hadoop\bitcoin\format\mapreduce\BitcoinTransactionRecordReader.java,38
hadoopcryptoledger,org.zuinnote.hadoop.bitcoin.format.mapreduce,BitcoinFormatHadoopTest,2,0,40,40,740,49,0,0,0.325,0,3,C:\Users\welcome\Desktop\Dal Coursework\Winter_2022\CSCI 5308\Assignments\Assignment_3\hadoopcryptoledger\inputformat\src\test\java\org\zuinnote\hadoop\bitcoin\format\mapreduce\BitcoinFormatHadoopTest.java,51
hadoopcryptoledger,org.zuinnote.hadoop.ethereum.format.common,EthereumBlock,3,0,6,6,26,6,1,0,0.3333333333333333,13,2,C:\Users\welcome\Desktop\Dal Coursework\Winter_2022\CSCI 5308\Assignments\Assignment_3\hadoopcryptoledger\inputformat\src\main\java\org\zuinnote\hadoop\ethereum\format\common\EthereumBlock.java,23
hadoopcryptoledger,org.zuinnote.hadoop.ethereum.format.common,EthereumBlockHeader,19,0,38,38,164,41,0,0,0.05263157894736842,7,2,C:\Users\welcome\Desktop\Dal Coursework\Winter_2022\CSCI 5308\Assignments\Assignment_3\hadoopcryptoledger\inputformat\src\main\java\org\zuinnote\hadoop\ethereum\format\common\EthereumBlockHeader.java,21
hadoopcryptoledger,org.zuinnote.hadoop.ethereum.format.common,EthereumBlockReader,6,0,8,4,177,26,0,0,0.25,7,6,C:\Users\welcome\Desktop\Dal Coursework\Winter_2022\CSCI 5308\Assignments\Assignment_3\hadoopcryptoledger\inputformat\src\main\java\org\zuinnote\hadoop\ethereum\format\common\EthereumBlockReader.java,34
hadoopcryptoledger,org.zuinnote.hadoop.ethereum.format.common,EthereumBlockWritable,0,0,2,2,8,2,0,1,-1.0,5,0,C:\Users\welcome\Desktop\Dal Coursework\Winter_2022\CSCI 5308\Assignments\Assignment_3\hadoopcryptoledger\inputformat\src\main\java\org\zuinnote\hadoop\ethereum\format\common\EthereumBlockWritable.java,26
hadoopcryptoledger,org.zuinnote.hadoop.ethereum.format.common,EthereumTransaction,12,0,26,26,113,29,1,0,0.07692307692307693,12,2,C:\Users\welcome\Desktop\Dal Coursework\Winter_2022\CSCI 5308\Assignments\Assignment_3\hadoopcryptoledger\inputformat\src\main\java\org\zuinnote\hadoop\ethereum\format\common\EthereumTransaction.java,23
hadoopcryptoledger,org.zuinnote.hadoop.ethereum.format.common,EthereumTransactionWritable,0,0,2,2,8,2,0,1,-1.0,0,0,C:\Users\welcome\Desktop\Dal Coursework\Winter_2022\CSCI 5308\Assignments\Assignment_3\hadoopcryptoledger\inputformat\src\main\java\org\zuinnote\hadoop\ethereum\format\common\EthereumTransactionWritable.java,28
hadoopcryptoledger,org.zuinnote.hadoop.ethereum.format.common,EthereumUtil,11,10,26,22,598,93,0,0,0.2692307692307692,10,4,C:\Users\welcome\Desktop\Dal Coursework\Winter_2022\CSCI 5308\Assignments\Assignment_3\hadoopcryptoledger\inputformat\src\main\java\org\zuinnote\hadoop\ethereum\format\common\EthereumUtil.java,44
hadoopcryptoledger,org.zuinnote.hadoop.ethereum.format.common,EthereumFormatReaderTest,4,1,42,42,1665,75,0,0,0.21428571428571427,1,6,C:\Users\welcome\Desktop\Dal Coursework\Winter_2022\CSCI 5308\Assignments\Assignment_3\hadoopcryptoledger\inputformat\src\test\java\org\zuinnote\hadoop\ethereum\format\common\EthereumFormatReaderTest.java,41
hadoopcryptoledger,org.zuinnote.hadoop.ethereum.format.common,EthereumUtilTest,12,10,14,14,230,17,0,0,0.8571428571428571,1,8,C:\Users\welcome\Desktop\Dal Coursework\Winter_2022\CSCI 5308\Assignments\Assignment_3\hadoopcryptoledger\inputformat\src\test\java\org\zuinnote\hadoop\ethereum\format\common\EthereumUtilTest.java,40
hadoopcryptoledger,org.zuinnote.hadoop.ethereum.format.common.rlp,RLPElement,2,0,3,3,14,3,0,1,0.0,2,0,C:\Users\welcome\Desktop\Dal Coursework\Winter_2022\CSCI 5308\Assignments\Assignment_3\hadoopcryptoledger\inputformat\src\main\java\org\zuinnote\hadoop\ethereum\format\common\rlp\RLPElement.java,19
hadoopcryptoledger,org.zuinnote.hadoop.ethereum.format.common.rlp,RLPList,1,0,2,2,9,2,0,1,0.0,2,0,C:\Users\welcome\Desktop\Dal Coursework\Winter_2022\CSCI 5308\Assignments\Assignment_3\hadoopcryptoledger\inputformat\src\main\java\org\zuinnote\hadoop\ethereum\format\common\rlp\RLPList.java,21
hadoopcryptoledger,org.zuinnote.hadoop.ethereum.format.common.rlp,RLPObject,0,0,0,0,5,0,2,0,-1.0,3,0,C:\Users\welcome\Desktop\Dal Coursework\Winter_2022\CSCI 5308\Assignments\Assignment_3\hadoopcryptoledger\inputformat\src\main\java\org\zuinnote\hadoop\ethereum\format\common\rlp\RLPObject.java,18
hadoopcryptoledger,org.zuinnote.hadoop.ethereum.format.exception,EthereumBlockReadException,0,0,1,1,7,1,0,0,-1.0,0,0,C:\Users\welcome\Desktop\Dal Coursework\Winter_2022\CSCI 5308\Assignments\Assignment_3\hadoopcryptoledger\inputformat\src\main\java\org\zuinnote\hadoop\ethereum\format\exception\EthereumBlockReadException.java,18
hadoopcryptoledger,org.zuinnote.hadoop.ethereum.format.mapred,AbstractEthereumFileInputFormat,1,0,2,1,14,2,1,0,1.0,0,0,C:\Users\welcome\Desktop\Dal Coursework\Winter_2022\CSCI 5308\Assignments\Assignment_3\hadoopcryptoledger\inputformat\src\main\java\org\zuinnote\hadoop\ethereum\format\mapred\AbstractEthereumFileInputFormat.java,33
hadoopcryptoledger,org.zuinnote.hadoop.ethereum.format.mapred,AbstractEthereumRecordReader,19,6,8,7,117,13,1,0,0.0,3,3,C:\Users\welcome\Desktop\Dal Coursework\Winter_2022\CSCI 5308\Assignments\Assignment_3\hadoopcryptoledger\inputformat\src\main\java\org\zuinnote\hadoop\ethereum\format\mapred\AbstractEthereumRecordReader.java,40
hadoopcryptoledger,org.zuinnote.hadoop.ethereum.format.mapred,EthereumBlockFileInputFormat,0,0,1,1,7,1,0,1,-1.0,2,1,C:\Users\welcome\Desktop\Dal Coursework\Winter_2022\CSCI 5308\Assignments\Assignment_3\hadoopcryptoledger\inputformat\src\main\java\org\zuinnote\hadoop\ethereum\format\mapred\EthereumBlockFileInputFormat.java,26
hadoopcryptoledger,org.zuinnote.hadoop.ethereum.format.mapred,EthereumBlockRecordReader,1,0,4,4,40,6,0,1,1.0,1,2,C:\Users\welcome\Desktop\Dal Coursework\Winter_2022\CSCI 5308\Assignments\Assignment_3\hadoopcryptoledger\inputformat\src\main\java\org\zuinnote\hadoop\ethereum\format\mapred\EthereumBlockRecordReader.java,31
hadoopcryptoledger,org.zuinnote.hadoop.ethereum.format.mapred,EthereumFormatHadoopTest,4,0,25,24,334,30,0,0,0.56,1,4,C:\Users\welcome\Desktop\Dal Coursework\Winter_2022\CSCI 5308\Assignments\Assignment_3\hadoopcryptoledger\inputformat\src\test\java\org\zuinnote\hadoop\ethereum\format\mapred\EthereumFormatHadoopTest.java,49
hadoopcryptoledger,org.zuinnote.hadoop.ethereum.format.mapreduce,AbstractEthereumFileInputFormat,0,0,2,1,11,2,1,0,-1.0,0,0,C:\Users\welcome\Desktop\Dal Coursework\Winter_2022\CSCI 5308\Assignments\Assignment_3\hadoopcryptoledger\inputformat\src\main\java\org\zuinnote\hadoop\ethereum\format\mapreduce\AbstractEthereumFileInputFormat.java,27
hadoopcryptoledger,org.zuinnote.hadoop.ethereum.format.mapreduce,AbstractEthereumRecordReader,16,6,8,7,108,13,1,0,0.0,3,2,C:\Users\welcome\Desktop\Dal Coursework\Winter_2022\CSCI 5308\Assignments\Assignment_3\hadoopcryptoledger\inputformat\src\main\java\org\zuinnote\hadoop\ethereum\format\mapreduce\AbstractEthereumRecordReader.java,39
hadoopcryptoledger,org.zuinnote.hadoop.ethereum.format.mapreduce,EthereumBlockFileInputFormat,0,0,1,1,7,1,0,1,-1.0,2,1,C:\Users\welcome\Desktop\Dal Coursework\Winter_2022\CSCI 5308\Assignments\Assignment_3\hadoopcryptoledger\inputformat\src\main\java\org\zuinnote\hadoop\ethereum\format\mapreduce\EthereumBlockFileInputFormat.java,26
hadoopcryptoledger,org.zuinnote.hadoop.ethereum.format.mapreduce,EthereumBlockRecordReader,3,0,4,4,48,6,0,1,0.5,1,2,C:\Users\welcome\Desktop\Dal Coursework\Winter_2022\CSCI 5308\Assignments\Assignment_3\hadoopcryptoledger\inputformat\src\main\java\org\zuinnote\hadoop\ethereum\format\mapreduce\EthereumBlockRecordReader.java,29
hadoopcryptoledger,org.zuinnote.hadoop.ethereum.format.mapreduce,EthereumFormatHadoopTest,3,0,25,24,368,30,0,0,0.56,1,4,C:\Users\welcome\Desktop\Dal Coursework\Winter_2022\CSCI 5308\Assignments\Assignment_3\hadoopcryptoledger\inputformat\src\test\java\org\zuinnote\hadoop\ethereum\format\mapreduce\EthereumFormatHadoopTest.java,52
hadoopcryptoledger,org.zuinnote.hadoop.namecoin.format.common,NamecoinUtil,8,7,2,2,66,10,0,0,0.0,5,2,C:\Users\welcome\Desktop\Dal Coursework\Winter_2022\CSCI 5308\Assignments\Assignment_3\hadoopcryptoledger\inputformat\src\main\java\org\zuinnote\hadoop\namecoin\format\common\NamecoinUtil.java,25
hadoopcryptoledger,org.zuinnote.hadoop.namecoin.format.common,NamecoinAuxPOWTest,5,0,5,5,78,7,0,0,0.8,0,2,C:\Users\welcome\Desktop\Dal Coursework\Winter_2022\CSCI 5308\Assignments\Assignment_3\hadoopcryptoledger\inputformat\src\test\java\org\zuinnote\hadoop\namecoin\format\common\NamecoinAuxPOWTest.java,34
hadoopcryptoledger,org.zuinnote.hadoop.namecoin.format.common,NamecoinUtilTest,0,0,5,5,38,5,0,0,-1.0,0,2,C:\Users\welcome\Desktop\Dal Coursework\Winter_2022\CSCI 5308\Assignments\Assignment_3\hadoopcryptoledger\inputformat\src\test\java\org\zuinnote\hadoop\namecoin\format\common\NamecoinUtilTest.java,26
hadoopcryptoledger,org.zuinnote.presto.bitcoin,BitcoinConnector,0,0,3,3,14,3,0,0,-1.0,0,0,C:\Users\welcome\Desktop\Dal Coursework\Winter_2022\CSCI 5308\Assignments\Assignment_3\hadoopcryptoledger\presto-connector\src\main\java\org\zuinnote\presto\bitcoin\BitcoinConnector.java,24
